Workbook

Sheet Sheet1
A1: 테이블정의서
A2: 엔티티 타입명 | B2: 회원 | C2: 작성일 | D2: 44481
A3: 테이블명 | B3: MEM | C3: 작성자 | D3: 조명석
A4: 테이블 설명 | B4: 회원테이블
A5: 번호 | B5: 컬럼명 | C5: 속성명 | D5: 도메인 | E5: 데이터타입 | F5: NULL여부 | G5: 기본값 | H5: KEY
A6: 1 | B6: MEM_ID | C6: 아이디 | D6: N/A | E6: VARCHAR2(100) | F6: Not Null | H6: PK
A7: 2 | B7: MEM_PASS | C7: 비밀번호 | D7: N/A | E7: VARCHAR2(100) | F7: Not Null
A8: 3 | B8: MEM_GROUP | C8: 구분 | D8: N/A | E8: CHAR(3) | F8: Not Null
A9: 4 | B9: MEM_START | C9: 입학일 | D9: N/A | E9: DATE | F9: Null
A10: 5 | B10: MEM_END | C10: 졸업일 | D10: N/A | E10: DATE | F10: Null
A11: 6 | B11: MEM_ADDR1 | C11: 주소 | D11: N/A | E11: VARCHAR2(200) | F11: Null
A12: 7 | B12: MEM_ADDR2 | C12: 주소 상세 | D12: N/A | E12: VARCHAR2(100) | F12: Null
A13: 8 | B13: MEM_HP | C13: 핸드폰 | D13: N/A | E13: VARCHAR2(13) | F13: Null
A14: 9 | B14: MEM_NAME | C14: 이름 | D14: N/A | E14: VARCHAR2(50) | F14: Not Null
A15: 10 | B15: MEM_SUB | C15: 과목 | D15: N/A | E15: VARCHAR2(100) | F15: Not Null
A16: 11 | B16: CLASS_ID | C16: 반 아이디 | D16: N/A | E16: CHAR(4) | F16: Null | H16: FK
A18: 테이블정의서
A19: 엔티티 타입명 | B19: 관리자 | C19: 작성일 | D19: 44481
A20: 테이블명 | B20: ADMIN | C20: 작성자 | D20: 조명석
A21: 테이블 설명 | B21: 회원테이블
A22: 번호 | B22: 컬럼명 | C22: 속성명 | D22: 도메인 | E22: 데이터타입 | F22: NULL여부 | G22: 기본값 | H22: KEY
A23: 1 | B23: ADMIN_ID | C23: 아이디 | D23: N/A | E23: VARCHAR2(100) | F23: Not Null | H23: PK
A24: 2 | B24: ADMIN_PW | C24: 비밀번호 | D24: N/A | E24: VARCHAR2(100) | F24: Not Null
A26: 테이블정의서
A27: 엔티티 타입명 | B27: 반 게시판 | C27: 작성일 | D27: 44481
A28: 테이블명 | B28: CLBOARD | C28: 작성자 | D28: 조명석
A29: 테이블 설명 | B29: 회원테이블
A30: 번호 | B30: 컬럼명 | C30: 속성명 | D30: 도메인 | E30: 데이터타입 | F30: NULL여부 | G30: 기본값 | H30: KEY
A31: 1 | B31: CLBOARD_NUM | C31: 게시판번호 | D31: N/A | E31: NUMBER | F31: Not Null | H31: PK
A32: 2 | B32: ADMINBOARD_ID | C32: 게시판 아이디 | D32: N/A | E32: char(10) | F32: Not Null | H32: PK,FK
A33: 3 | B33: CLBOARD_TITLE | C33: 제목 | D33: N/A | E33: VARCHAR2(100) | F33: Not Null
A34: 4 | B34: CLBOARD_DATE | C34: 날짜 | D34: N/A | E34: DATE | F34: Not Null
A35: 5 | B35: CLBOARD_CONTENT | C35: 내용 | D35: N/A | E35: VARCHAR2(500) | F35: Not Null
A36: 6 | B36: CLBOARD_GROUP | C36: 구분 | D36: N/A | E36: char(4) | F36: Not Null
A37: 7 | B37: MEM_ID | C37: 아이디 | D37: N/A | E37: VARCHAR2(100) | F37: Not Null | H37: FK
A39: 테이블정의서
A40: 엔티티 타입명 | B40: 전체 게시판 | C40: 작성일 | D40: 44481
A41: 테이블명 | B41: BOARD | C41: 작성자 | D41: 조명석
A42: 테이블 설명 | B42: 회원테이블
A43: 번호 | B43: 컬럼명 | C43: 속성명 | D43: 도메인 | E43: 데이터타입 | F43: NULL여부 | G43: 기본값 | H43: KEY
A44: 1 | B44: BOARD_NUM | C44: 게시판번호 | D44: N/A | E44: NUMBER | F44: Not Null | H44: PK
A45: 2 | B45: ADMINBOARD_ID | C45: 게시판 아이디 | D45: N/A | E45: char(10) | F45: Not Null | H45: PK,FK
A46: 3 | B46: BOARD_TITLE | C46: 제목 | D46: N/A | E46: VARCHAR2(100) | F46: Not Null
A47: 4 | B47: BOARD_DATE | C47: 날짜 | D47: N/A | E47: DATE | F47: Not Null
A48: 5 | B48: BOARD_CONTENT | C48: 내용 | D48: N/A | E48: VARCHAR2(500) | F48: Not Null
A49: 6 | B49: BOARD_GROUP | C49: 구분 | D49: N/A | E49: char(4) | F49: Not Null
A50: 7 | B50: MEM_ID | C50: 아이디 | D50: N/A | E50: VARCHAR2(100) | F50: Not Null
A52: 테이블정의서
A53: 엔티티 타입명 | B53: 전체 자료공유 게시판 | C53: 작성일 | D53: 44481
A54: 테이블명 | B54: SHARE | C54: 작성자 | D54: 조명석
A55: 테이블 설명 | B55: 회원테이블
A56: 번호 | B56: 컬럼명 | C56: 속성명 | D56: 도메인 | E56: 데이터타입 | F56: NULL여부 | G56: 기본값 | H56: KEY
A57: 1 | B57: SHARE_NUM | C57: 게시판번호 | D57: N/A | E57: NUMBER | F57: Not Null | H57: PK
A58: 2 | B58: ADMINBOARD_ID | C58: 게시판 아이디 | D58: N/A | E58: char(10) | F58: Not Null | H58: PK,FK
A59: 3 | B59: SHARE_TITLE | C59: 제목 | D59: N/A | E59: VARCHAR2(100) | F59: Not Null
A60: 4 | B60: SHARE_DATE | C60: 날짜 | D60: N/A | E60: DATE | F60: Not Null
A61: 5 | B61: SHARE_CONTENT | C61: 내용 | D61: N/A | E61: VARCHAR2(500) | F61: Not Null
A62: 6 | B62: MEM_ID | C62: 아이디 | D62: N/A | E62: VARCHAR2(100) | F62: Not Null
A64: 테이블정의서
A65: 엔티티 타입명 | B65: 반 자료공유 게시판 | C65: 작성일 | D65: 44481
A66: 테이블명 | B66: CLSHARE | C66: 작성자 | D66: 조명석
A67: 테이블 설명 | B67: 회원테이블
A68: 번호 | B68: 컬럼명 | C68: 속성명 | D68: 도메인 | E68: 데이터타입 | F68: NULL여부 | G68: 기본값 | H68: KEY
A69: 1 | B69: CLSHARE_NUM | C69: 게시판번호 | D69: N/A | E69: NUMBER | F69: Not Null | H69: PK
A70: 2 | B70: ADMINBOARD_ID | C70: 게시판 아이디 | D70: N/A | E70: char(10) | F70: Not Null | H70: PK,FK
A71: 3 | B71: CLSHARE_TITLE | C71: 제목 | D71: N/A | E71: VARCHAR2(100) | F71: Not Null
A72: 4 | B72: CLSHARE_DATE | C72: 날짜 | D72: N/A | E72: DATE | F72: Not Null
A73: 5 | B73: CLSHARE_CONTENT | C73: 내용 | D73: N/A | E73: VARCHAR2(500) | F73: Not Null
A74: 6 | B74: MEM_ID | C74: 아이디 | D74: N/A | E74: VARCHAR2(100) | F74: Not Null
A76: 테이블정의서
A77: 엔티티 타입명 | B77: 쪽지 | C77: 작성일 | D77: 44481
A78: 테이블명 | B78: MSG | C78: 작성자 | D78: 조명석
A79: 테이블 설명 | B79: 회원테이블
A80: 번호 | B80: 컬럼명 | C80: 속성명 | D80: 도메인 | E80: 데이터타입 | F80: NULL여부 | G80: 기본값 | H80: KEY
A81: 1 | B81: MSG_CONTENT | C81: 내용 | D81: N/A | E81: VARCHAR2(500) | F81: Not Null
A82: 2 | B82: MSG_DATE | C82: 날짜 | D82: N/A | E82: DATE | F82: Not Null
A83: 3 | B83: MSG_READ | C83: 읽음확인 | D83: N/A | E83: char(1) | F83: Not Null | G83: N
A84: 4 | B84: MSG_FROM | C84: 보낸사람 | D84: N/A | E84: VARCHAR2(100) | F84: Not Null | H84: FK
A85: 5 | B85: MSG_TO | C85: 받는사람 | D85: N/A | E85: VARCHAR2(100) | F85: Not Null | H85: FK
A87: 테이블정의서
A88: 엔티티 타입명 | B88: 신고 게시판 | C88: 작성일 | D88: 44481
A89: 테이블명 | B89: report | C89: 작성자 | D89: 조명석
A90: 테이블 설명 | B90: 회원테이블
A91: 번호 | B91: 컬럼명 | C91: 속성명 | D91: 도메인 | E91: 데이터타입 | F91: NULL여부 | G91: 기본값 | H91: KEY
A92: 1 | B92: report_reason | C92: 사유 | D92: N/A | E92: VARCHAR2(100) | F92: Not Null
A93: 2 | B93: report_date | C93: 날짜 | D93: N/A | E93: DATE | F93: Not Null
A94: 3 | B94: adminboard_id | C94: 게시판 아이디 | D94: N/A | E94: char(10) | F94: Not Null | H94: FK
A95: 4 | B95: mem_id | C95: 아이디 | D95: N/A | E95: VARCHAR2(100) | F95: Not Null | H95: FK
A97: 테이블정의서
A98: 엔티티 타입명 | B98: 게시판 관리 | C98: 작성일 | D98: 44481
A99: 테이블명 | B99: adminboard | C99: 작성자 | D99: 조명석
A100: 테이블 설명 | B100: 회원테이블
A101: 번호 | B101: 컬럼명 | C101: 속성명 | D101: 도메인 | E101: 데이터타입 | F101: NULL여부 | G101: 기본값 | H101: KEY
A102: 1 | B102: adminboard_id | C102: 게시판 아이디 | D102: N/A | E102: char(10) | F102: Not Null | H102: PK
A103: 2 | B103: adminboard_view | C103: 조회수 | D103: N/A | E103: NUMBER | F103: Not Null
A105: 테이블정의서
A106: 엔티티 타입명 | B106: 반 관리 | C106: 작성일 | D106: 44481
A107: 테이블명 | B107: class | C107: 작성자 | D107: 조명석
A108: 테이블 설명 | B108: 회원테이블
A109: 번호 | B109: 컬럼명 | C109: 속성명 | D109: 도메인 | E109: 데이터타입 | F109: NULL여부 | G109: 기본값 | H109: KEY
...

Sheet Sheet2
B2: =UPPER(Sheet1!B2) -> 회원 | C2: =UPPER(Sheet1!C2) -> 작성일 | D2: =UPPER(Sheet1!D2) -> 44481 | E2: =UPPER(Sheet1!E2)
B3: =UPPER(Sheet1!B3) -> MEM | E3: =UPPER(Sheet1!E3)
B4: =UPPER(Sheet1!B4) -> 회원테이블 | E4: =UPPER(Sheet1!E4)
B5: =UPPER(Sheet1!B5) -> 컬럼명 | E5: =UPPER(Sheet1!E5) -> 데이터타입
B6: =UPPER(Sheet1!B6) -> MEM_ID | E6: =UPPER(Sheet1!E6) -> VARCHAR2(100)
B7: =UPPER(Sheet1!B7) -> MEM_PASS | E7: =UPPER(Sheet1!E7) -> VARCHAR2(100)
B8: =UPPER(Sheet1!B8) -> MEM_GROUP | E8: =UPPER(Sheet1!E8) -> CHAR(3)
B9: =UPPER(Sheet1!B9) -> MEM_START | E9: =UPPER(Sheet1!E9) -> DATE
B10: =UPPER(Sheet1!B10) -> MEM_END | E10: =UPPER(Sheet1!E10) -> DATE
B11: =UPPER(Sheet1!B11) -> MEM_ADDR1 | E11: =UPPER(Sheet1!E11) -> VARCHAR2(200)
B12: =UPPER(Sheet1!B12) -> MEM_ADDR2 | E12: =UPPER(Sheet1!E12) -> VARCHAR2(100)
B13: =UPPER(Sheet1!B13) -> MEM_HP | E13: =UPPER(Sheet1!E13) -> VARCHAR2(13)
B14: =UPPER(Sheet1!B14) -> MEM_NAME | E14: =UPPER(Sheet1!E14) -> VARCHAR2(50)
... B142: =UPPER(Sheet1!B142) -> MEM_ID | E142: =UPPER(Sheet1!E142) -> VARCHAR2(100)
B143: =UPPER(Sheet1!#REF!) -> #REF! | E143: =UPPER(Sheet1!E143)
B144: =UPPER(Sheet1!#REF!) -> #REF! | E144: =UPPER(Sheet1!E144)
B145: =UPPER(Sheet1!#REF!) -> #REF! | E145: =UPPER(Sheet1!E145)
B146: =UPPER(Sheet1!#REF!) -> #REF! | E146: =UPPER(Sheet1!E146)
B147: =UPPER(Sheet1!#REF!) -> #REF! | E147: =UPPER(Sheet1!E147)
B148: =UPPER(Sheet1!#REF!) -> #REF! | E148: =UPPER(Sheet1!E148) -> 데이터타입
B149: =UPPER(Sheet1!#REF!) -> #REF! | E149: =UPPER(Sheet1!E149) -> NUMBER
B150: =UPPER(Sheet1!#REF!) -> #REF! | E150: =UPPER(Sheet1!E150) -> DATE
B151: =UPPER(Sheet1!#REF!) -> #REF! | E151: =UPPER(Sheet1!E151) -> CHAR(1)
B152: =UPPER(Sheet1!#REF!) -> #REF! | E152: =UPPER(Sheet1!E152) -> CHAR(10)
B153: =UPPER(Sheet1!B143) | E153: =UPPER(Sheet1!E153)
B154: =UPPER(Sheet1!B144) | E154: =UPPER(Sheet1!E154)
B155: =UPPER(Sheet1!B145) -> 첨부파일 | E155: =UPPER(Sheet1!E155)
B156: =UPPER(Sheet1!B146) -> ATCH_FILE | E156: =UPPER(Sheet1!E156)
B157: =UPPER(Sheet1!B147) -> 회원테이블 | E157: =UPPER(Sheet1!E157)
B158: =UPPER(Sheet1!B148) -> 컬럼명 | E158: =UPPER(Sheet1!E158) -> 데이터타입
B159: =UPPER(Sheet1!B149) -> ATCH_FILE_ID | E159: =UPPER(Sheet1!E159) -> NUMBER
B160: =UPPER(Sheet1!B150) -> ATCH_FILE_DATE | E160: =UPPER(Sheet1!E160) -> NUMBER(3,0)
B161: =UPPER(Sheet1!B151) -> USE_AT | E161: =UPPER(Sheet1!E161) -> VARCHAR2(2000)
B162: =UPPER(Sheet1!B152) -> ADMINBOARD_ID | E162: =UPPER(Sheet1!E162) -> VARCHAR2(255)
B163: =UPPER(Sheet1!B153) | E163: =UPPER(Sheet1!E163) -> VARCHAR2(255)
B164: =UPPER(Sheet1!B154) | E164: =UPPER(Sheet1!E164) -> VARCHAR2(20)
... B186: =UPPER(Sheet1!B176) -> ITT_END | E186: =UPPER(Sheet1!E186) -> VARCHAR2(50)
B187: =UPPER(Sheet1!#REF!) -> #REF! | E187: =UPPER(Sheet1!E187) -> DATE
B188: =UPPER(Sheet1!B177) -> ITT_COLOR | E188: =UPPER(Sheet1!E188) -> DATE
B189: =UPPER(Sheet1!B178) -> ITT_OVERLAP | E189: =UPPER(Sheet1!E189) -> CHAR(1)
B190: =UPPER(Sheet1!#REF!) -> #REF! | E190: =UPPER(Sheet1!E190) -> VARCHAR2(50)
B191: =UPPER(Sheet1!B179) | E191: =UPPER(Sheet1!E191) -> CHAR(1)
B192: =UPPER(Sheet1!B180) | E192: =UPPER(Sheet1!E192)
B193: =UPPER(Sheet1!B181) -> 시간표 | E193: =UPPER(Sheet1!E193)
B194: =UPPER(Sheet1!B182) -> TT | E194: =UPPER(Sheet1!E194)
B195: =UPPER(Sheet1!B183) -> 시간표테이블 | E195: =UPPER(Sheet1!E195)
B196: =UPPER(Sheet1!B184) -> 컬럼명 | E196: =UPPER(Sheet1!E196)
B197: =UPPER(Sheet1!B185) -> TT_ID | E197: =UPPER(Sheet1!E197)
B198: =UPPER(Sheet1!B186) -> TT_TITLE | E198: =UPPER(Sheet1!E198)
B199: =UPPER(Sheet1!B187) -> TT_START | E199: =UPPER(Sheet1!E199)
B200: =UPPER(Sheet1!B188) -> TT_END | E200: =UPPER(Sheet1!E200)
B201: =UPPER(Sheet1!B189) -> TT_ALLDAY | E201: =UPPER(Sheet1!E201)
B202: =UPPER(Sheet1!B190) -> TT_COLOR | E202: =UPPER(Sheet1!E202)
B203: =UPPER(Sheet1!B191) -> TT_OVERLAP | E203: =UPPER(Sheet1!E203)
B204: =UPPER(Sheet1!#REF!) -> #REF! | E204: =UPPER(Sheet1!E204)
B205: =UPPER(Sheet1!B192) | E205: =UPPER(Sheet1!E205)
B206: =UPPER(Sheet1!B193) | E206: =UPPER(Sheet1!E206)
B207: =UPPER(Sheet1!B194) | E207: =UPPER(Sheet1!E207)
B208: =UPPER(Sheet1!B195) | E208: =UPPER(Sheet1!E208)
B209: =UPPER(Sheet1!B196) | E209: =UPPER(Sheet1!E209)
B210: =UPPER(Sheet1!B197) | E210: =UPPER(Sheet1!E210)
B211: =UPPER(Sheet1!B198) | E211: =UPPER(Sheet1!E211)
B212: =UPPER(Sheet1!B199) | E212: =UPPER(Sheet1!E212)
B213: =UPPER(Sheet1!B200) | E213: =UPPER(Sheet1!E213)
B214: =UPPER(Sheet1!B201) | E214: =UPPER(Sheet1!E214)
B215: =UPPER(Sheet1!B202) | E215: =UPPER(Sheet1!E215)
B216: =UPPER(Sheet1!B203) | E216: =UPPER(Sheet1!E216)
... B388: =UPPER(Sheet1!B375) | E388: =UPPER(Sheet1!E388)
B389: =UPPER(Sheet1!B378) | E389: =UPPER(Sheet1!E389)
B390: =UPPER(Sheet1!B379) | E390: =UPPER(Sheet1!E390)
B391: =UPPER(Sheet1!B380) | E391: =UPPER(Sheet1!E391)
B392: =UPPER(Sheet1!B381) | E392: =UPPER(Sheet1!E392)
B393: =UPPER(Sheet1!B382) | E393: =UPPER(Sheet1!E393)
B394: =UPPER(Sheet1!B383)
B395: =UPPER(Sheet1!B384)
B396: =UPPER(Sheet1!B385)
B397: =UPPER(Sheet1!B386)
B398: =UPPER(Sheet1!B387)
B399: =UPPER(Sheet1!B388)
B400: =UPPER(Sheet1!B389)
B401: =UPPER(Sheet1!B390)
B402: =UPPER(Sheet1!B391)
B403: =UPPER(Sheet1!B392)
B404: =UPPER(Sheet1!B393)
B405: =UPPER(Sheet1!B394)
... B869: =UPPER(Sheet1!B858)

Sheet Sheet3
